entry,at,order
"The player ""Hype Viper @ 6p7FG9t3EW"" quits the game with a stack of 6994.",2024-04-26T18:21:07.287Z,171415566728700
"The player ""akarvat @ oDlSGRCrSp"" quits the game with a stack of 0.",2024-04-26T18:15:13.166Z,171415531316600
"-- ending hand #34 --",2024-04-26T18:15:07.140Z,171415530714001
"""Hype Viper @ 6p7FG9t3EW"" collected 4384 from pot with A High (combination: A♦, K♥, J♣, 9♦, 7♦)",2024-04-26T18:15:07.140Z,171415530714000
"River: K♥, 7♦, 6♥, J♣ [5♠]",2024-04-26T18:15:03.120Z,171415530312000
"Turn: K♥, 7♦, 6♥ [J♣]",2024-04-26T18:14:59.079Z,171415529907900
"Flop:  [K♥, 7♦, 6♥]",2024-04-26T18:14:55.049Z,171415529504900
"""Hype Viper @ 6p7FG9t3EW"" shows a A♦, 9♦.",2024-04-26T18:14:50.997Z,171415529099701
"""akarvat @ oDlSGRCrSp"" shows a A♥, 4♦.",2024-04-26T18:14:50.997Z,171415529099700
"""Hype Viper @ 6p7FG9t3EW"" calls 2192",2024-04-26T18:14:50.152Z,171415529015200
"""akarvat @ oDlSGRCrSp"" raises to 2192 and go all in",2024-04-26T18:14:48.515Z,171415528851500
"""Hype Viper @ 6p7FG9t3EW"" calls 100",2024-04-26T18:14:45.607Z,171415528560700
"""akarvat @ oDlSGRCrSp"" posts a big blind of 100",2024-04-26T18:14:43.656Z,171415528365605
"""Hype Viper @ 6p7FG9t3EW"" posts a small blind of 50",2024-04-26T18:14:43.656Z,171415528365604
"Player stacks: #3 ""akarvat @ oDlSGRCrSp"" (2192) | #6 ""Hype Viper @ 6p7FG9t3EW"" (4802)",2024-04-26T18:14:43.656Z,171415528365601
"-- starting hand #34 (id: dvmm0s4gtur3)  (No Limit Texas Hold'em) (dealer: ""Hype Viper @ 6p7FG9t3EW"") --",2024-04-26T18:14:43.656Z,171415528365600
"-- ending hand #33 --",2024-04-26T18:14:40.727Z,171415528072702
"""akarvat @ oDlSGRCrSp"" collected 200 from pot",2024-04-26T18:14:40.727Z,171415528072701
"Uncalled bet of 1992 returned to ""akarvat @ oDlSGRCrSp""",2024-04-26T18:14:40.727Z,171415528072700
"""Hype Viper @ 6p7FG9t3EW"" folds",2024-04-26T18:14:39.869Z,171415527986900
"""akarvat @ oDlSGRCrSp"" raises to 2092 and go all in",2024-04-26T18:14:38.330Z,171415527833000
"""Hype Viper @ 6p7FG9t3EW"" posts a big blind of 100",2024-04-26T18:14:35.162Z,171415527516205
"""akarvat @ oDlSGRCrSp"" posts a small blind of 50",2024-04-26T18:14:35.162Z,171415527516204
"Player stacks: #3 ""akarvat @ oDlSGRCrSp"" (2092) | #6 ""Hype Viper @ 6p7FG9t3EW"" (4902)",2024-04-26T18:14:35.162Z,171415527516201
"-- starting hand #33 (id: ch5etl6f9oev)  (No Limit Texas Hold'em) (dealer: ""akarvat @ oDlSGRCrSp"") --",2024-04-26T18:14:35.162Z,171415527516200
"""akarvat @ oDlSGRCrSp"" shows a 6♣, 8♦.",2024-04-26T18:14:30.280Z,171415527028000
"-- ending hand #32 --",2024-04-26T18:14:28.644Z,171415526864402
"""Hype Viper @ 6p7FG9t3EW"" collected 800 from pot with Two Pair, K's & 6's (combination: K♠, K♣, 6♥, 6♦, 10♥)",2024-04-26T18:14:28.644Z,171415526864401
"""Hype Viper @ 6p7FG9t3EW"" shows a 10♥, 6♥.",2024-04-26T18:14:28.644Z,171415526864400
"""akarvat @ oDlSGRCrSp"" calls 100",2024-04-26T18:14:27.805Z,171415526780500
"""Hype Viper @ 6p7FG9t3EW"" bets 100",2024-04-26T18:14:26.657Z,171415526665700
"""akarvat @ oDlSGRCrSp"" checks",2024-04-26T18:14:24.499Z,171415526449900
"River: K♠, K♣, 6♦, 2♥ [5♥]",2024-04-26T18:14:24.046Z,171415526404600
"""akarvat @ oDlSGRCrSp"" calls 100",2024-04-26T18:14:23.220Z,171415526322000
"""Hype Viper @ 6p7FG9t3EW"" bets 100",2024-04-26T18:14:21.736Z,171415526173600
"""akarvat @ oDlSGRCrSp"" checks",2024-04-26T18:14:19.271Z,171415525927100
"Turn: K♠, K♣, 6♦ [2♥]",2024-04-26T18:14:18.527Z,171415525852700
"""Hype Viper @ 6p7FG9t3EW"" calls 100",2024-04-26T18:14:17.720Z,171415525772000
"""akarvat @ oDlSGRCrSp"" bets 100",2024-04-26T18:14:12.804Z,171415525280400
"Flop:  [K♠, K♣, 6♦]",2024-04-26T18:14:10.071Z,171415525007100
"""akarvat @ oDlSGRCrSp"" checks",2024-04-26T18:14:09.264Z,171415524926400
"""Hype Viper @ 6p7FG9t3EW"" calls 100",2024-04-26T18:14:07.778Z,171415524777800
"""akarvat @ oDlSGRCrSp"" posts a big blind of 100",2024-04-26T18:14:06.266Z,171415524626605
"""Hype Viper @ 6p7FG9t3EW"" posts a small blind of 50",2024-04-26T18:14:06.266Z,171415524626604
"Player stacks: #3 ""akarvat @ oDlSGRCrSp"" (2492) | #6 ""Hype Viper @ 6p7FG9t3EW"" (4502)",2024-04-26T18:14:06.266Z,171415524626601
"-- starting hand #32 (id: noes5mk5wi3w)  (No Limit Texas Hold'em) (dealer: ""Hype Viper @ 6p7FG9t3EW"") --",2024-04-26T18:14:06.266Z,171415524626600
"-- ending hand #31 --",2024-04-26T18:14:03.313Z,171415524331302
"""akarvat @ oDlSGRCrSp"" collected 200 from pot",2024-04-26T18:14:03.313Z,171415524331301
"Uncalled bet of 2292 returned to ""akarvat @ oDlSGRCrSp""",2024-04-26T18:14:03.313Z,171415524331300
"""Hype Viper @ 6p7FG9t3EW"" folds",2024-04-26T18:14:02.508Z,171415524250800
"""akarvat @ oDlSGRCrSp"" raises to 2392 and go all in",2024-04-26T18:14:01.063Z,171415524106300
"""Hype Viper @ 6p7FG9t3EW"" posts a big blind of 100",2024-04-26T18:13:57.255Z,171415523725505
"""akarvat @ oDlSGRCrSp"" posts a small blind of 50",2024-04-26T18:13:57.255Z,171415523725504
"Player stacks: #3 ""akarvat @ oDlSGRCrSp"" (2392) | #6 ""Hype Viper @ 6p7FG9t3EW"" (4602)",2024-04-26T18:13:57.255Z,171415523725501
"-- starting hand #31 (id: pbys0hfmffzo)  (No Limit Texas Hold'em) (dealer: ""akarvat @ oDlSGRCrSp"") --",2024-04-26T18:13:57.255Z,171415523725500
"-- ending hand #30 --",2024-04-26T18:13:54.254Z,171415523425402
"""Hype Viper @ 6p7FG9t3EW"" collected 200 from pot",2024-04-26T18:13:54.254Z,171415523425401
"Uncalled bet of 200 returned to ""Hype Viper @ 6p7FG9t3EW""",2024-04-26T18:13:54.254Z,171415523425400
"""akarvat @ oDlSGRCrSp"" folds",2024-04-26T18:13:53.385Z,171415523338500
"""Hype Viper @ 6p7FG9t3EW"" bets 200",2024-04-26T18:13:52.232Z,171415523223200
"""akarvat @ oDlSGRCrSp"" checks",2024-04-26T18:13:46.993Z,171415522699300
"Flop:  [J♥, A♦, 8♠]",2024-04-26T18:13:45.797Z,171415522579700
"""akarvat @ oDlSGRCrSp"" checks",2024-04-26T18:13:44.971Z,171415522497100
"""Hype Viper @ 6p7FG9t3EW"" calls 100",2024-04-26T18:13:43.584Z,171415522358400
"""akarvat @ oDlSGRCrSp"" posts a big blind of 100",2024-04-26T18:13:41.394Z,171415522139405
"""Hype Viper @ 6p7FG9t3EW"" posts a small blind of 50",2024-04-26T18:13:41.394Z,171415522139404
"Player stacks: #3 ""akarvat @ oDlSGRCrSp"" (2492) | #6 ""Hype Viper @ 6p7FG9t3EW"" (4502)",2024-04-26T18:13:41.394Z,171415522139401
"-- starting hand #30 (id: znyc5yq4m02v)  (No Limit Texas Hold'em) (dealer: ""Hype Viper @ 6p7FG9t3EW"") --",2024-04-26T18:13:41.394Z,171415522139400
"-- ending hand #29 --",2024-04-26T18:13:38.391Z,171415521839102
"""akarvat @ oDlSGRCrSp"" collected 200 from pot",2024-04-26T18:13:38.391Z,171415521839101
"Uncalled bet of 2292 returned to ""akarvat @ oDlSGRCrSp""",2024-04-26T18:13:38.391Z,171415521839100
"""Hype Viper @ 6p7FG9t3EW"" folds",2024-04-26T18:13:37.514Z,171415521751400
"""akarvat @ oDlSGRCrSp"" raises to 2392 and go all in",2024-04-26T18:13:36.217Z,171415521621700
"""Hype Viper @ 6p7FG9t3EW"" posts a big blind of 100",2024-04-26T18:13:32.783Z,171415521278305
"""akarvat @ oDlSGRCrSp"" posts a small blind of 50",2024-04-26T18:13:32.783Z,171415521278304
"Player stacks: #3 ""akarvat @ oDlSGRCrSp"" (2392) | #6 ""Hype Viper @ 6p7FG9t3EW"" (4602)",2024-04-26T18:13:32.783Z,171415521278301
"-- starting hand #29 (id: rc1mqmmrebxn)  (No Limit Texas Hold'em) (dealer: ""akarvat @ oDlSGRCrSp"") --",2024-04-26T18:13:32.783Z,171415521278300
"-- ending hand #28 --",2024-04-26T18:13:29.781Z,171415520978102
"""Hype Viper @ 6p7FG9t3EW"" collected 200 from pot",2024-04-26T18:13:29.781Z,171415520978101
"Uncalled bet of 100 returned to ""Hype Viper @ 6p7FG9t3EW""",2024-04-26T18:13:29.781Z,171415520978100
"""akarvat @ oDlSGRCrSp"" folds",2024-04-26T18:13:28.907Z,171415520890700
"""Hype Viper @ 6p7FG9t3EW"" bets 100",2024-04-26T18:13:27.699Z,171415520769900
"""akarvat @ oDlSGRCrSp"" checks",2024-04-26T18:13:25.635Z,171415520563500
"Turn: 3♥, 10♣, 3♦ [9♣]",2024-04-26T18:13:25.378Z,171415520537800
"""Hype Viper @ 6p7FG9t3EW"" checks",2024-04-26T18:13:24.440Z,171415520444000
"""akarvat @ oDlSGRCrSp"" checks",2024-04-26T18:13:21.382Z,171415520138200
"Flop:  [3♥, 10♣, 3♦]",2024-04-26T18:13:20.371Z,171415520037100
"""akarvat @ oDlSGRCrSp"" checks",2024-04-26T18:13:19.478Z,171415519947800
"""Hype Viper @ 6p7FG9t3EW"" calls 100",2024-04-26T18:13:18.309Z,171415519830900
"""akarvat @ oDlSGRCrSp"" posts a big blind of 100",2024-04-26T18:13:15.955Z,171415519595507
"""Hype Viper @ 6p7FG9t3EW"" posts a small blind of 50",2024-04-26T18:13:15.955Z,171415519595506
"Player stacks: #3 ""akarvat @ oDlSGRCrSp"" (2492) | #6 ""Hype Viper @ 6p7FG9t3EW"" (4502)",2024-04-26T18:13:15.955Z,171415519595503
"-- starting hand #28 (id: vef5juiauwnd)  (No Limit Texas Hold'em) (dealer: ""Hype Viper @ 6p7FG9t3EW"") --",2024-04-26T18:13:15.955Z,171415519595502
"The game's big blind was changed from 60 to 100.",2024-04-26T18:13:15.955Z,171415519595501
"The game's small blind was changed from 30 to 50.",2024-04-26T18:13:15.955Z,171415519595500
"-- ending hand #27 --",2024-04-26T18:13:12.944Z,171415519294402
"""akarvat @ oDlSGRCrSp"" collected 120 from pot",2024-04-26T18:13:12.944Z,171415519294401
"Uncalled bet of 2372 returned to ""akarvat @ oDlSGRCrSp""",2024-04-26T18:13:12.944Z,171415519294400
"""Hype Viper @ 6p7FG9t3EW"" folds",2024-04-26T18:13:12.068Z,171415519206800
"""akarvat @ oDlSGRCrSp"" raises to 2432 and go all in",2024-04-26T18:13:10.571Z,171415519057100
"""Hype Viper @ 6p7FG9t3EW"" posts a big blind of 60",2024-04-26T18:13:06.623Z,171415518662305
"""akarvat @ oDlSGRCrSp"" posts a small blind of 30",2024-04-26T18:13:06.623Z,171415518662304
"Player stacks: #3 ""akarvat @ oDlSGRCrSp"" (2432) | #6 ""Hype Viper @ 6p7FG9t3EW"" (4562)",2024-04-26T18:13:06.623Z,171415518662301
"-- starting hand #27 (id: zpwhf2m5qtmf)  (No Limit Texas Hold'em) (dealer: ""akarvat @ oDlSGRCrSp"") --",2024-04-26T18:13:06.623Z,171415518662300
"-- ending hand #26 --",2024-04-26T18:13:03.696Z,171415518369602
"""Hype Viper @ 6p7FG9t3EW"" collected 120 from pot",2024-04-26T18:13:03.696Z,171415518369601
"Uncalled bet of 60 returned to ""Hype Viper @ 6p7FG9t3EW""",2024-04-26T18:13:03.696Z,171415518369600
"""akarvat @ oDlSGRCrSp"" folds",2024-04-26T18:13:02.850Z,171415518285000
"""Hype Viper @ 6p7FG9t3EW"" bets 60",2024-04-26T18:13:01.685Z,171415518168500
"""akarvat @ oDlSGRCrSp"" checks",2024-04-26T18:12:58.596Z,171415517859600
"Flop:  [3♣, 8♦, 10♥]",2024-04-26T18:12:57.988Z,171415517798800
"""akarvat @ oDlSGRCrSp"" checks",2024-04-26T18:12:57.172Z,171415517717200
"""Hype Viper @ 6p7FG9t3EW"" calls 60",2024-04-26T18:12:55.858Z,171415517585800
"""akarvat @ oDlSGRCrSp"" posts a big blind of 60",2024-04-26T18:12:54.279Z,171415517427905
"""Hype Viper @ 6p7FG9t3EW"" posts a small blind of 30",2024-04-26T18:12:54.279Z,171415517427904
"Player stacks: #3 ""akarvat @ oDlSGRCrSp"" (2492) | #6 ""Hype Viper @ 6p7FG9t3EW"" (4502)",2024-04-26T18:12:54.279Z,171415517427901
"-- starting hand #26 (id: ljbsxzjmrbku)  (No Limit Texas Hold'em) (dealer: ""Hype Viper @ 6p7FG9t3EW"") --",2024-04-26T18:12:54.279Z,171415517427900
"-- ending hand #25 --",2024-04-26T18:12:51.321Z,171415517132102
"""akarvat @ oDlSGRCrSp"" collected 120 from pot",2024-04-26T18:12:51.321Z,171415517132101
"Uncalled bet of 2372 returned to ""akarvat @ oDlSGRCrSp""",2024-04-26T18:12:51.321Z,171415517132100
"""Hype Viper @ 6p7FG9t3EW"" folds",2024-04-26T18:12:50.470Z,171415517047000
"""akarvat @ oDlSGRCrSp"" raises to 2432 and go all in",2024-04-26T18:12:48.959Z,171415516895900
"""Hype Viper @ 6p7FG9t3EW"" posts a big blind of 60",2024-04-26T18:12:44.772Z,171415516477205
"""akarvat @ oDlSGRCrSp"" posts a small blind of 30",2024-04-26T18:12:44.772Z,171415516477204
"Player stacks: #3 ""akarvat @ oDlSGRCrSp"" (2432) | #6 ""Hype Viper @ 6p7FG9t3EW"" (4562)",2024-04-26T18:12:44.772Z,171415516477201
"-- starting hand #25 (id: towaxs0w3fbl)  (No Limit Texas Hold'em) (dealer: ""akarvat @ oDlSGRCrSp"") --",2024-04-26T18:12:44.772Z,171415516477200
"-- ending hand #24 --",2024-04-26T18:12:41.857Z,171415516185702
"""akarvat @ oDlSGRCrSp"" collected 120 from pot",2024-04-26T18:12:41.857Z,171415516185701
"Uncalled bet of 2312 returned to ""akarvat @ oDlSGRCrSp""",2024-04-26T18:12:41.857Z,171415516185700
"""Hype Viper @ 6p7FG9t3EW"" folds",2024-04-26T18:12:41.014Z,171415516101400
"""akarvat @ oDlSGRCrSp"" raises to 2372 and go all in",2024-04-26T18:12:39.478Z,171415515947800
"""Hype Viper @ 6p7FG9t3EW"" calls 60",2024-04-26T18:12:35.869Z,171415515586900
"""akarvat @ oDlSGRCrSp"" posts a big blind of 60",2024-04-26T18:12:32.708Z,171415515270805
"""Hype Viper @ 6p7FG9t3EW"" posts a small blind of 30",2024-04-26T18:12:32.708Z,171415515270804
"Player stacks: #3 ""akarvat @ oDlSGRCrSp"" (2372) | #6 ""Hype Viper @ 6p7FG9t3EW"" (4622)",2024-04-26T18:12:32.708Z,171415515270801
"-- starting hand #24 (id: uplhqmmumitc)  (No Limit Texas Hold'em) (dealer: ""Hype Viper @ 6p7FG9t3EW"") --",2024-04-26T18:12:32.708Z,171415515270800
"-- ending hand #23 --",2024-04-26T18:12:29.749Z,171415514974902
"""Hype Viper @ 6p7FG9t3EW"" collected 60 from pot",2024-04-26T18:12:29.749Z,171415514974901
"Uncalled bet of 30 returned to ""Hype Viper @ 6p7FG9t3EW""",2024-04-26T18:12:29.749Z,171415514974900
"""akarvat @ oDlSGRCrSp"" folds",2024-04-26T18:12:28.936Z,171415514893600
"""Hype Viper @ 6p7FG9t3EW"" posts a big blind of 60",2024-04-26T18:12:27.474Z,171415514747405
"""akarvat @ oDlSGRCrSp"" posts a small blind of 30",2024-04-26T18:12:27.474Z,171415514747404
"Player stacks: #3 ""akarvat @ oDlSGRCrSp"" (2402) | #6 ""Hype Viper @ 6p7FG9t3EW"" (4592)",2024-04-26T18:12:27.474Z,171415514747401
"-- starting hand #23 (id: cb2skf6dvvpg)  (No Limit Texas Hold'em) (dealer: ""akarvat @ oDlSGRCrSp"") --",2024-04-26T18:12:27.474Z,171415514747400
"-- ending hand #22 --",2024-04-26T18:12:21.431Z,171415514143102
"""Hype Viper @ 6p7FG9t3EW"" collected 2520 from pot with Straight, 6 High (combination: 6♥, 5♣, 4♣, 3♦, 2♠)",2024-04-26T18:12:21.431Z,171415514143101
"""Hype Viper @ 6p7FG9t3EW"" shows a 6♥, 5♣.",2024-04-26T18:12:21.431Z,171415514143100
"""akarvat @ oDlSGRCrSp"" calls 840",2024-04-26T18:12:20.603Z,171415514060300
"""Hype Viper @ 6p7FG9t3EW"" bets 840",2024-04-26T18:12:19.321Z,171415513932100
"""akarvat @ oDlSGRCrSp"" checks",2024-04-26T18:12:07.995Z,171415512799500
"River: Q♠, 4♣, 3♦, 2♠ [K♥]",2024-04-26T18:12:07.042Z,171415512704200
"""akarvat @ oDlSGRCrSp"" calls 300",2024-04-26T18:12:06.209Z,171415512620900
"""Hype Viper @ 6p7FG9t3EW"" raises to 300",2024-04-26T18:12:04.495Z,171415512449500
"""akarvat @ oDlSGRCrSp"" bets 120",2024-04-26T18:11:57.076Z,171415511707600
"Turn: Q♠, 4♣, 3♦ [2♠]",2024-04-26T18:11:53.703Z,171415511370300
"""Hype Viper @ 6p7FG9t3EW"" calls 60",2024-04-26T18:11:52.877Z,171415511287700
"""akarvat @ oDlSGRCrSp"" bets 60",2024-04-26T18:11:47.559Z,171415510755900
"Flop:  [Q♠, 4♣, 3♦]",2024-04-26T18:11:46.159Z,171415510615900
"""akarvat @ oDlSGRCrSp"" checks",2024-04-26T18:11:45.334Z,171415510533400
"""Hype Viper @ 6p7FG9t3EW"" calls 60",2024-04-26T18:11:43.858Z,171415510385800
"""akarvat @ oDlSGRCrSp"" posts a big blind of 60",2024-04-26T18:11:40.834Z,171415510083406
"""Hype Viper @ 6p7FG9t3EW"" posts a small blind of 30",2024-04-26T18:11:40.834Z,171415510083405
"Player stacks: #3 ""akarvat @ oDlSGRCrSp"" (3662) | #6 ""Hype Viper @ 6p7FG9t3EW"" (3332)",2024-04-26T18:11:40.834Z,171415510083402
"-- starting hand #22 (id: mbfic3x4rby2)  (No Limit Texas Hold'em) (dealer: ""Hype Viper @ 6p7FG9t3EW"") --",2024-04-26T18:11:40.834Z,171415510083401
"The player ""shivarana12346 @ 70U6fx0Khy"" quits the game with a stack of 6.",2024-04-26T18:11:40.834Z,171415510083400
"-- ending hand #21 --",2024-04-26T18:11:37.923Z,171415509792302
"""Hype Viper @ 6p7FG9t3EW"" collected 120 from pot",2024-04-26T18:11:37.923Z,171415509792301
"Uncalled bet of 6 returned to ""Hype Viper @ 6p7FG9t3EW""",2024-04-26T18:11:37.923Z,171415509792300
"""shivarana12346 @ 70U6fx0Khy"" folds",2024-04-26T18:11:37.084Z,171415509708400
"""Hype Viper @ 6p7FG9t3EW"" raises to 66",2024-04-26T18:11:36.262Z,171415509626200
"""akarvat @ oDlSGRCrSp"" folds",2024-04-26T18:11:25.957Z,171415508595700
"""shivarana12346 @ 70U6fx0Khy"" posts a big blind of 60",2024-04-26T18:11:18.268Z,171415507826806
"""Hype Viper @ 6p7FG9t3EW"" posts a small blind of 30",2024-04-26T18:11:18.268Z,171415507826805
"Player stacks: #2 ""shivarana12346 @ 70U6fx0Khy"" (66) | #3 ""akarvat @ oDlSGRCrSp"" (3662) | #6 ""Hype Viper @ 6p7FG9t3EW"" (3272)",2024-04-26T18:11:18.268Z,171415507826801
"-- starting hand #21 (id: prnpfbetmgzk)  (No Limit Texas Hold'em) (dealer: ""akarvat @ oDlSGRCrSp"") --",2024-04-26T18:11:18.268Z,171415507826800
"-- ending hand #20 --",2024-04-26T18:11:15.326Z,171415507532602
"""akarvat @ oDlSGRCrSp"" collected 120 from pot",2024-04-26T18:11:15.326Z,171415507532601
"Uncalled bet of 60 returned to ""akarvat @ oDlSGRCrSp""",2024-04-26T18:11:15.326Z,171415507532600
"""Hype Viper @ 6p7FG9t3EW"" folds",2024-04-26T18:11:14.492Z,171415507449200
"""akarvat @ oDlSGRCrSp"" bets 60",2024-04-26T18:11:11.895Z,171415507189500
"River: J♥, 2♠, 2♣, 3♦ [5♥]",2024-04-26T18:11:11.179Z,171415507117900
"""Hype Viper @ 6p7FG9t3EW"" checks",2024-04-26T18:11:10.336Z,171415507033600
"""akarvat @ oDlSGRCrSp"" checks",2024-04-26T18:11:08.463Z,171415506846300
"Turn: J♥, 2♠, 2♣ [3♦]",2024-04-26T18:11:07.909Z,171415506790900
"""Hype Viper @ 6p7FG9t3EW"" checks",2024-04-26T18:11:07.058Z,171415506705800
"""akarvat @ oDlSGRCrSp"" checks",2024-04-26T18:11:04.793Z,171415506479300
"Flop:  [J♥, 2♠, 2♣]",2024-04-26T18:11:03.107Z,171415506310700
"""Hype Viper @ 6p7FG9t3EW"" checks",2024-04-26T18:11:02.254Z,171415506225400
"""akarvat @ oDlSGRCrSp"" calls 60",2024-04-26T18:11:00.822Z,171415506082200
"""shivarana12346 @ 70U6fx0Khy"" folds",2024-04-26T18:10:58.122Z,171415505812207
"""Hype Viper @ 6p7FG9t3EW"" posts a big blind of 60",2024-04-26T18:10:58.122Z,171415505812206
"""akarvat @ oDlSGRCrSp"" posts a small blind of 30",2024-04-26T18:10:58.122Z,171415505812205
"Player stacks: #2 ""shivarana12346 @ 70U6fx0Khy"" (66) | #3 ""akarvat @ oDlSGRCrSp"" (3602) | #6 ""Hype Viper @ 6p7FG9t3EW"" (3332)",2024-04-26T18:10:58.122Z,171415505812201
"-- starting hand #20 (id: 6yxet6ycdlcj)  (No Limit Texas Hold'em) (dealer: ""shivarana12346 @ 70U6fx0Khy"") --",2024-04-26T18:10:58.122Z,171415505812200
"-- ending hand #19 --",2024-04-26T18:10:55.213Z,171415505521302
"""akarvat @ oDlSGRCrSp"" collected 60 from pot",2024-04-26T18:10:55.213Z,171415505521301
"Uncalled bet of 30 returned to ""akarvat @ oDlSGRCrSp""",2024-04-26T18:10:55.213Z,171415505521300
"""shivarana12346 @ 70U6fx0Khy"" folds",2024-04-26T18:10:54.359Z,171415505435900
"""Hype Viper @ 6p7FG9t3EW"" folds",2024-04-26T18:10:53.524Z,171415505352400
"""akarvat @ oDlSGRCrSp"" posts a big blind of 60",2024-04-26T18:10:51.063Z,171415505106306
"""shivarana12346 @ 70U6fx0Khy"" posts a small blind of 30",2024-04-26T18:10:51.063Z,171415505106305
"Player stacks: #2 ""shivarana12346 @ 70U6fx0Khy"" (96) | #3 ""akarvat @ oDlSGRCrSp"" (3572) | #6 ""Hype Viper @ 6p7FG9t3EW"" (3332)",2024-04-26T18:10:51.063Z,171415505106301
"-- starting hand #19 (id: c994kowibvvz)  (No Limit Texas Hold'em) (dealer: ""Hype Viper @ 6p7FG9t3EW"") --",2024-04-26T18:10:51.063Z,171415505106300
"-- ending hand #18 --",2024-04-26T18:10:45.012Z,171415504501201
"""shivarana12346 @ 70U6fx0Khy"" collected 96 from pot with Two Pair, A's & 9's (combination: A♦, A♣, 9♦, 9♠, Q♦)",2024-04-26T18:10:45.012Z,171415504501200
"River: J♦, 4♠, A♦, A♣ [9♠]",2024-04-26T18:10:40.996Z,171415504099600
"Turn: J♦, 4♠, A♦ [A♣]",2024-04-26T18:10:36.941Z,171415503694100
"Flop:  [J♦, 4♠, A♦]",2024-04-26T18:10:32.935Z,171415503293500
"""akarvat @ oDlSGRCrSp"" shows a 10♠, 9♣.",2024-04-26T18:10:28.928Z,171415502892802
"""shivarana12346 @ 70U6fx0Khy"" shows a Q♦, 9♦.",2024-04-26T18:10:28.928Z,171415502892801
"Uncalled bet of 3329 returned to ""akarvat @ oDlSGRCrSp""",2024-04-26T18:10:28.928Z,171415502892800
"""Hype Viper @ 6p7FG9t3EW"" folds",2024-04-26T18:10:28.076Z,171415502807600
"""akarvat @ oDlSGRCrSp"" raises to 3362",2024-04-26T18:10:26.267Z,171415502626700
"""shivarana12346 @ 70U6fx0Khy"" posts a big blind of 33 and go all in ",2024-04-26T18:10:22.988Z,171415502298806
"""Hype Viper @ 6p7FG9t3EW"" posts a small blind of 30",2024-04-26T18:10:22.988Z,171415502298805
"Player stacks: #2 ""shivarana12346 @ 70U6fx0Khy"" (33) | #3 ""akarvat @ oDlSGRCrSp"" (3605) | #6 ""Hype Viper @ 6p7FG9t3EW"" (3362)",2024-04-26T18:10:22.988Z,171415502298801
"-- starting hand #18 (id: k6tishldh7qv)  (No Limit Texas Hold'em) (dealer: ""akarvat @ oDlSGRCrSp"") --",2024-04-26T18:10:22.988Z,171415502298800
"-- ending hand #17 --",2024-04-26T18:10:16.926Z,171415501692602
"""akarvat @ oDlSGRCrSp"" collected 600 from pot with Pair, Q's (combination: Q♣, Q♠, A♣, 8♦, 7♣)",2024-04-26T18:10:16.926Z,171415501692601
"""akarvat @ oDlSGRCrSp"" shows a 7♣, Q♣.",2024-04-26T18:10:16.926Z,171415501692600
"""Hype Viper @ 6p7FG9t3EW"" checks",2024-04-26T18:10:16.081Z,171415501608100
"""akarvat @ oDlSGRCrSp"" checks",2024-04-26T18:10:14.236Z,171415501423600
"River: Q♠, 6♥, A♣, 8♦ [4♦]",2024-04-26T18:10:13.720Z,171415501372000
"""Hype Viper @ 6p7FG9t3EW"" checks",2024-04-26T18:10:12.852Z,171415501285200
"""akarvat @ oDlSGRCrSp"" checks",2024-04-26T18:10:10.574Z,171415501057400
"Turn: Q♠, 6♥, A♣ [8♦]",2024-04-26T18:10:10.157Z,171415501015700
"""akarvat @ oDlSGRCrSp"" calls 120",2024-04-26T18:10:09.311Z,171415500931100
"""Hype Viper @ 6p7FG9t3EW"" bets 120",2024-04-26T18:10:07.880Z,171415500788000
"""akarvat @ oDlSGRCrSp"" checks",2024-04-26T18:10:03.345Z,171415500334500
"Flop:  [Q♠, 6♥, A♣]",2024-04-26T18:10:01.553Z,171415500155300
"""Hype Viper @ 6p7FG9t3EW"" calls 180",2024-04-26T18:10:00.738Z,171415500073800
"""akarvat @ oDlSGRCrSp"" raises to 180",2024-04-26T18:09:58.397Z,171415499839700
"""shivarana12346 @ 70U6fx0Khy"" folds",2024-04-26T18:09:54.213Z,171415499421307
"""Hype Viper @ 6p7FG9t3EW"" posts a big blind of 60",2024-04-26T18:09:54.213Z,171415499421306
"""akarvat @ oDlSGRCrSp"" posts a small blind of 30",2024-04-26T18:09:54.213Z,171415499421305
"Player stacks: #2 ""shivarana12346 @ 70U6fx0Khy"" (33) | #3 ""akarvat @ oDlSGRCrSp"" (3305) | #6 ""Hype Viper @ 6p7FG9t3EW"" (3662)",2024-04-26T18:09:54.213Z,171415499421301
"-- starting hand #17 (id: q9zzhdigtxkm)  (No Limit Texas Hold'em) (dealer: ""shivarana12346 @ 70U6fx0Khy"") --",2024-04-26T18:09:54.213Z,171415499421300
"-- ending hand #16 --",2024-04-26T18:09:48.210Z,171415498821001
"""Hype Viper @ 6p7FG9t3EW"" collected 3662 from pot with Two Pair, K's & Q's (combination: K♠, K♣, Q♣, Q♠, 5♥)",2024-04-26T18:09:48.210Z,171415498821000
"River: 2♠, 5♥, K♣, Q♠ [5♠]",2024-04-26T18:09:44.200Z,171415498420000
"Turn: 2♠, 5♥, K♣ [Q♠]",2024-04-26T18:09:40.151Z,171415498015100
"Flop:  [2♠, 5♥, K♣]",2024-04-26T18:09:36.120Z,171415497612000
"""Hype Viper @ 6p7FG9t3EW"" shows a K♠, Q♣.",2024-04-26T18:09:32.099Z,171415497209901
"""akarvat @ oDlSGRCrSp"" shows a J♦, A♠.",2024-04-26T18:09:32.099Z,171415497209900
"""Hype Viper @ 6p7FG9t3EW"" calls 1816 and go all in",2024-04-26T18:09:31.226Z,171415497122600
"""akarvat @ oDlSGRCrSp"" raises to 1816",2024-04-26T18:09:20.917Z,171415496091700
"""shivarana12346 @ 70U6fx0Khy"" folds",2024-04-26T18:09:17.715Z,171415495771500
"""Hype Viper @ 6p7FG9t3EW"" raises to 180",2024-04-26T18:09:16.885Z,171415495688500
"""akarvat @ oDlSGRCrSp"" posts a big blind of 60",2024-04-26T18:09:12.963Z,171415495296306
"""shivarana12346 @ 70U6fx0Khy"" posts a small blind of 30",2024-04-26T18:09:12.963Z,171415495296305
"Player stacks: #2 ""shivarana12346 @ 70U6fx0Khy"" (63) | #3 ""akarvat @ oDlSGRCrSp"" (5121) | #6 ""Hype Viper @ 6p7FG9t3EW"" (1816)",2024-04-26T18:09:12.963Z,171415495296301
"-- starting hand #16 (id: p9tky9qj19ys)  (No Limit Texas Hold'em) (dealer: ""Hype Viper @ 6p7FG9t3EW"") --",2024-04-26T18:09:12.963Z,171415495296300
"-- ending hand #15 --",2024-04-26T18:09:06.956Z,171415494695602
"""akarvat @ oDlSGRCrSp"" collected 18 from pot with Pair, 6's (combination: 6♠, 6♥, K♦, 8♠, 7♦)",2024-04-26T18:09:06.956Z,171415494695601
"""shivarana12346 @ 70U6fx0Khy"" collected 63 from pot with Full House, 6's over 3's (combination: 6♣, 6♠, 6♥, 3♣, 3♠)",2024-04-26T18:09:06.956Z,171415494695600
"River: 3♠, 6♠, 6♥, 7♦ [8♠]",2024-04-26T18:09:02.945Z,171415494294500
"Turn: 3♠, 6♠, 6♥ [7♦]",2024-04-26T18:08:58.900Z,171415493890000
"Flop:  [3♠, 6♠, 6♥]",2024-04-26T18:08:54.837Z,171415493483700
"""akarvat @ oDlSGRCrSp"" shows a K♦, 4♣.",2024-04-26T18:08:50.823Z,171415493082302
"""shivarana12346 @ 70U6fx0Khy"" shows a 6♣, 3♣.",2024-04-26T18:08:50.823Z,171415493082301
"Uncalled bet of 141 returned to ""akarvat @ oDlSGRCrSp""",2024-04-26T18:08:50.823Z,171415493082300
"""Hype Viper @ 6p7FG9t3EW"" folds",2024-04-26T18:08:49.926Z,171415492992600
"""akarvat @ oDlSGRCrSp"" raises to 171",2024-04-26T18:08:48.006Z,171415492800600
"""shivarana12346 @ 70U6fx0Khy"" posts a big blind of 21 and go all in ",2024-04-26T18:08:44.014Z,171415492401406
"""Hype Viper @ 6p7FG9t3EW"" posts a small blind of 30",2024-04-26T18:08:44.014Z,171415492401405
"Player stacks: #2 ""shivarana12346 @ 70U6fx0Khy"" (21) | #3 ""akarvat @ oDlSGRCrSp"" (5133) | #6 ""Hype Viper @ 6p7FG9t3EW"" (1846)",2024-04-26T18:08:44.014Z,171415492401401
"-- starting hand #15 (id: uab7vkwufprb)  (No Limit Texas Hold'em) (dealer: ""akarvat @ oDlSGRCrSp"") --",2024-04-26T18:08:44.014Z,171415492401400
"-- ending hand #14 --",2024-04-26T18:08:41.081Z,171415492108102
"""Hype Viper @ 6p7FG9t3EW"" collected 60 from pot",2024-04-26T18:08:41.081Z,171415492108101
"Uncalled bet of 30 returned to ""Hype Viper @ 6p7FG9t3EW""",2024-04-26T18:08:41.081Z,171415492108100
"""akarvat @ oDlSGRCrSp"" folds",2024-04-26T18:08:40.231Z,171415492023100
"""shivarana12346 @ 70U6fx0Khy"" folds",2024-04-26T18:08:37.816Z,171415491781607
"""Hype Viper @ 6p7FG9t3EW"" posts a big blind of 60",2024-04-26T18:08:37.816Z,171415491781606
"""akarvat @ oDlSGRCrSp"" posts a small blind of 30",2024-04-26T18:08:37.816Z,171415491781605
"Player stacks: #2 ""shivarana12346 @ 70U6fx0Khy"" (21) | #3 ""akarvat @ oDlSGRCrSp"" (5163) | #6 ""Hype Viper @ 6p7FG9t3EW"" (1816)",2024-04-26T18:08:37.816Z,171415491781601
"-- starting hand #14 (id: zjw8u1xqnhwo)  (No Limit Texas Hold'em) (dealer: ""shivarana12346 @ 70U6fx0Khy"") --",2024-04-26T18:08:37.816Z,171415491781600
"-- ending hand #13 --",2024-04-26T18:08:31.786Z,171415491178602
"""Hype Viper @ 6p7FG9t3EW"" collected 106 from pot with Pair, 5's (combination: 5♦, 5♣, K♠, 10♠, 9♠)",2024-04-26T18:08:31.786Z,171415491178601
"""shivarana12346 @ 70U6fx0Khy"" collected 21 from pot with Two Pair, 5's & 2's (combination: 5♦, 5♣, 2♦, 2♥, K♠)",2024-04-26T18:08:31.786Z,171415491178600
"River: 2♥, 5♦, K♠, 3♠ [5♣]",2024-04-26T18:08:27.783Z,171415490778300
"Turn: 2♥, 5♦, K♠ [3♠]",2024-04-26T18:08:23.769Z,171415490376900
"Flop:  [2♥, 5♦, K♠]",2024-04-26T18:08:19.731Z,171415489973100
"""Hype Viper @ 6p7FG9t3EW"" shows a 10♠, 9♠.",2024-04-26T18:08:15.725Z,171415489572502
"""shivarana12346 @ 70U6fx0Khy"" shows a 2♦, J♠.",2024-04-26T18:08:15.725Z,171415489572501
"Uncalled bet of 120 returned to ""Hype Viper @ 6p7FG9t3EW""",2024-04-26T18:08:15.725Z,171415489572500
"""akarvat @ oDlSGRCrSp"" folds",2024-04-26T18:08:14.887Z,171415489488700
"""Hype Viper @ 6p7FG9t3EW"" raises to 180",2024-04-26T18:08:12.446Z,171415489244600
"""akarvat @ oDlSGRCrSp"" posts a big blind of 60",2024-04-26T18:08:06.951Z,171415488695108
"""shivarana12346 @ 70U6fx0Khy"" posts a small blind of 7 and go all in ",2024-04-26T18:08:06.951Z,171415488695107
"Player stacks: #2 ""shivarana12346 @ 70U6fx0Khy"" (7) | #3 ""akarvat @ oDlSGRCrSp"" (5223) | #6 ""Hype Viper @ 6p7FG9t3EW"" (1770)",2024-04-26T18:08:06.951Z,171415488695103
"-- starting hand #13 (id: j5eqhlibxwje)  (No Limit Texas Hold'em) (dealer: ""Hype Viper @ 6p7FG9t3EW"") --",2024-04-26T18:08:06.951Z,171415488695102
"The game's big blind was changed from 40 to 60.",2024-04-26T18:08:06.951Z,171415488695101
"The game's small blind was changed from 20 to 30.",2024-04-26T18:08:06.951Z,171415488695100
"-- ending hand #12 --",2024-04-26T18:08:04.039Z,171415488403902
"""Hype Viper @ 6p7FG9t3EW"" collected 80 from pot",2024-04-26T18:08:04.039Z,171415488403901
"Uncalled bet of 7 returned to ""Hype Viper @ 6p7FG9t3EW""",2024-04-26T18:08:04.039Z,171415488403900
"""shivarana12346 @ 70U6fx0Khy"" folds",2024-04-26T18:08:03.177Z,171415488317700
"""Hype Viper @ 6p7FG9t3EW"" raises to 47",2024-04-26T18:07:47.352Z,171415486735200
"""akarvat @ oDlSGRCrSp"" folds",2024-04-26T18:07:43.818Z,171415486381800
"""shivarana12346 @ 70U6fx0Khy"" posts a big blind of 40",2024-04-26T18:07:33.140Z,171415485314006
"""Hype Viper @ 6p7FG9t3EW"" posts a small blind of 20",2024-04-26T18:07:33.140Z,171415485314005
"Player stacks: #2 ""shivarana12346 @ 70U6fx0Khy"" (47) | #3 ""akarvat @ oDlSGRCrSp"" (5223) | #6 ""Hype Viper @ 6p7FG9t3EW"" (1730)",2024-04-26T18:07:33.140Z,171415485314001
"-- starting hand #12 (id: yxoguzribh2c)  (No Limit Texas Hold'em) (dealer: ""akarvat @ oDlSGRCrSp"") --",2024-04-26T18:07:33.140Z,171415485314000
"-- ending hand #11 --",2024-04-26T18:07:27.102Z,171415484710201
"""Hype Viper @ 6p7FG9t3EW"" collected 1730 from pot with Two Pair, Q's & 10's (combination: Q♠, Q♣, 10♣, 10♠, K♥)",2024-04-26T18:07:27.102Z,171415484710200
"River: Q♠, 9♦, 10♠, Q♣ [K♥]",2024-04-26T18:07:23.087Z,171415484308700
"""Hype Viper @ 6p7FG9t3EW"" shows a 10♣, 9♣.",2024-04-26T18:07:19.084Z,171415483908401
"""shivarana12346 @ 70U6fx0Khy"" shows a 8♠, 5♠.",2024-04-26T18:07:19.084Z,171415483908400
"""shivarana12346 @ 70U6fx0Khy"" calls 815",2024-04-26T18:07:18.226Z,171415483822600
"""Hype Viper @ 6p7FG9t3EW"" raises to 815 and go all in",2024-04-26T18:07:16.276Z,171415483627600
"""shivarana12346 @ 70U6fx0Khy"" raises to 175",2024-04-26T18:07:02.791Z,171415482279100
"""Hype Viper @ 6p7FG9t3EW"" bets 40",2024-04-26T18:06:57.099Z,171415481709900
"Turn: Q♠, 9♦, 10♠ [Q♣]",2024-04-26T18:06:52.718Z,171415481271800
"""shivarana12346 @ 70U6fx0Khy"" checks",2024-04-26T18:06:51.861Z,171415481186100
"""Hype Viper @ 6p7FG9t3EW"" checks",2024-04-26T18:06:49.162Z,171415480916200
"Flop:  [Q♠, 9♦, 10♠]",2024-04-26T18:06:46.251Z,171415480625100
"""Hype Viper @ 6p7FG9t3EW"" checks",2024-04-26T18:06:45.394Z,171415480539400
"""akarvat @ oDlSGRCrSp"" folds",2024-04-26T18:06:43.459Z,171415480345900
"""shivarana12346 @ 70U6fx0Khy"" calls 40",2024-04-26T18:06:39.900Z,171415479990000
"""Hype Viper @ 6p7FG9t3EW"" posts a big blind of 40",2024-04-26T18:06:38.563Z,171415479856306
"""akarvat @ oDlSGRCrSp"" posts a small blind of 20",2024-04-26T18:06:38.563Z,171415479856305
"Player stacks: #2 ""shivarana12346 @ 70U6fx0Khy"" (902) | #3 ""akarvat @ oDlSGRCrSp"" (5243) | #6 ""Hype Viper @ 6p7FG9t3EW"" (855)",2024-04-26T18:06:38.563Z,171415479856301
"-- starting hand #11 (id: kebxyid1uah8)  (No Limit Texas Hold'em) (dealer: ""shivarana12346 @ 70U6fx0Khy"") --",2024-04-26T18:06:38.563Z,171415479856300
"-- ending hand #10 --",2024-04-26T18:06:32.547Z,171415479254703
"""shivarana12346 @ 70U6fx0Khy"" shows a 5♥, 5♠.",2024-04-26T18:06:32.547Z,171415479254702
"""akarvat @ oDlSGRCrSp"" collected 3318 from pot with Pair, 10's (combination: 10♥, 10♠, A♣, K♦, Q♦)",2024-04-26T18:06:32.547Z,171415479254701
"""akarvat @ oDlSGRCrSp"" shows a K♦, 10♥.",2024-04-26T18:06:32.547Z,171415479254700
"""akarvat @ oDlSGRCrSp"" calls 694",2024-04-26T18:06:31.733Z,171415479173300
"""shivarana12346 @ 70U6fx0Khy"" bets 694",2024-04-26T18:06:29.518Z,171415478951800
"River: 10♠, 3♠, 8♣, Q♦ [A♣]",2024-04-26T18:06:21.055Z,171415478105500
"""Hype Viper @ 6p7FG9t3EW"" folds",2024-04-26T18:06:20.211Z,171415478021100
"""akarvat @ oDlSGRCrSp"" calls 380",2024-04-26T18:06:18.820Z,171415477882000
"""shivarana12346 @ 70U6fx0Khy"" bets 380",2024-04-26T18:06:17.160Z,171415477716000
"Turn: 10♠, 3♠, 8♣ [Q♦]",2024-04-26T18:06:10.717Z,171415477071700
"""shivarana12346 @ 70U6fx0Khy"" calls 270",2024-04-26T18:06:09.894Z,171415476989400
"""Hype Viper @ 6p7FG9t3EW"" calls 270",2024-04-26T18:06:05.155Z,171415476515500
"""akarvat @ oDlSGRCrSp"" bets 270",2024-04-26T18:05:58.725Z,171415475872500
"""shivarana12346 @ 70U6fx0Khy"" checks",2024-04-26T18:05:54.225Z,171415475422500
"Flop:  [10♠, 3♠, 8♣]",2024-04-26T18:05:47.703Z,171415474770300
"""akarvat @ oDlSGRCrSp"" calls 120",2024-04-26T18:05:46.880Z,171415474688000
"""shivarana12346 @ 70U6fx0Khy"" calls 120",2024-04-26T18:05:45.639Z,171415474563900
"""Hype Viper @ 6p7FG9t3EW"" raises to 120",2024-04-26T18:05:43.599Z,171415474359900
"""akarvat @ oDlSGRCrSp"" posts a big blind of 40",2024-04-26T18:05:39.046Z,171415473904606
"""shivarana12346 @ 70U6fx0Khy"" posts a small blind of 20",2024-04-26T18:05:39.046Z,171415473904605
"Player stacks: #2 ""shivarana12346 @ 70U6fx0Khy"" (2366) | #3 ""akarvat @ oDlSGRCrSp"" (3389) | #6 ""Hype Viper @ 6p7FG9t3EW"" (1245)",2024-04-26T18:05:39.046Z,171415473904601
"-- starting hand #10 (id: wkcrrpyss6ns)  (No Limit Texas Hold'em) (dealer: ""Hype Viper @ 6p7FG9t3EW"") --",2024-04-26T18:05:39.046Z,171415473904600
"-- ending hand #9 --",2024-04-26T18:05:36.119Z,171415473611902
"""Hype Viper @ 6p7FG9t3EW"" collected 760 from pot",2024-04-26T18:05:36.119Z,171415473611901
"Uncalled bet of 485 returned to ""Hype Viper @ 6p7FG9t3EW""",2024-04-26T18:05:36.119Z,171415473611900
"""akarvat @ oDlSGRCrSp"" folds",2024-04-26T18:05:35.304Z,171415473530400
"""shivarana12346 @ 70U6fx0Khy"" folds",2024-04-26T18:05:30.341Z,171415473034100
"""Hype Viper @ 6p7FG9t3EW"" raises to 655 and go all in",2024-04-26T18:05:29.257Z,171415472925700
"""akarvat @ oDlSGRCrSp"" bets 170",2024-04-26T18:05:17.091Z,171415471709100
"""shivarana12346 @ 70U6fx0Khy"" checks",2024-04-26T18:05:08.993Z,171415470899300
"""Hype Viper @ 6p7FG9t3EW"" checks",2024-04-26T18:05:06.587Z,171415470658700
"Flop:  [A♦, 5♦, 9♠]",2024-04-26T18:05:01.563Z,171415470156300
"""shivarana12346 @ 70U6fx0Khy"" calls 140",2024-04-26T18:05:00.753Z,171415470075300
"""Hype Viper @ 6p7FG9t3EW"" calls 140",2024-04-26T18:04:59.674Z,171415469967400
"""akarvat @ oDlSGRCrSp"" raises to 140",2024-04-26T18:04:55.516Z,171415469551600
"""shivarana12346 @ 70U6fx0Khy"" posts a big blind of 40",2024-04-26T18:04:51.358Z,171415469135806
"""Hype Viper @ 6p7FG9t3EW"" posts a small blind of 20",2024-04-26T18:04:51.358Z,171415469135805
"Player stacks: #2 ""shivarana12346 @ 70U6fx0Khy"" (2506) | #3 ""akarvat @ oDlSGRCrSp"" (3699) | #6 ""Hype Viper @ 6p7FG9t3EW"" (795)",2024-04-26T18:04:51.358Z,171415469135801
"-- starting hand #9 (id: 6jry1fic9ieo)  (No Limit Texas Hold'em) (dealer: ""akarvat @ oDlSGRCrSp"") --",2024-04-26T18:04:51.358Z,171415469135800
"-- ending hand #8 --",2024-04-26T18:04:48.448Z,171415468844802
"""Hype Viper @ 6p7FG9t3EW"" collected 80 from pot",2024-04-26T18:04:48.448Z,171415468844801
"Uncalled bet of 40 returned to ""Hype Viper @ 6p7FG9t3EW""",2024-04-26T18:04:48.448Z,171415468844800
"""akarvat @ oDlSGRCrSp"" folds",2024-04-26T18:04:47.614Z,171415468761400
"""Hype Viper @ 6p7FG9t3EW"" bets 40",2024-04-26T18:04:46.120Z,171415468612000
"""akarvat @ oDlSGRCrSp"" checks",2024-04-26T18:04:43.775Z,171415468377500
"Flop:  [10♦, 3♥, K♣]",2024-04-26T18:04:42.198Z,171415468219800
"""Hype Viper @ 6p7FG9t3EW"" checks",2024-04-26T18:04:41.365Z,171415468136500
"""akarvat @ oDlSGRCrSp"" calls 40",2024-04-26T18:04:38.714Z,171415467871400
"""shivarana12346 @ 70U6fx0Khy"" folds",2024-04-26T18:04:36.725Z,171415467672500
"""Hype Viper @ 6p7FG9t3EW"" posts a big blind of 40",2024-04-26T18:04:34.792Z,171415467479206
"""akarvat @ oDlSGRCrSp"" posts a small blind of 20",2024-04-26T18:04:34.792Z,171415467479205
"Player stacks: #2 ""shivarana12346 @ 70U6fx0Khy"" (2506) | #3 ""akarvat @ oDlSGRCrSp"" (3739) | #6 ""Hype Viper @ 6p7FG9t3EW"" (755)",2024-04-26T18:04:34.792Z,171415467479201
"-- starting hand #8 (id: ub8w1vvpp0w8)  (No Limit Texas Hold'em) (dealer: ""shivarana12346 @ 70U6fx0Khy"") --",2024-04-26T18:04:34.792Z,171415467479200
"-- ending hand #7 --",2024-04-26T18:04:31.857Z,171415467185702
"""akarvat @ oDlSGRCrSp"" collected 2360 from pot",2024-04-26T18:04:31.857Z,171415467185701
"Uncalled bet of 1379 returned to ""akarvat @ oDlSGRCrSp""",2024-04-26T18:04:31.857Z,171415467185700
"""shivarana12346 @ 70U6fx0Khy"" folds",2024-04-26T18:04:31.033Z,171415467103300
"""akarvat @ oDlSGRCrSp"" raises to 1869 and go all in",2024-04-26T18:04:24.993Z,171415466499300
"""shivarana12346 @ 70U6fx0Khy"" bets 490",2024-04-26T18:04:21.741Z,171415466174100
"Turn: 10♣, 8♠, K♣ [8♣]",2024-04-26T18:04:09.435Z,171415464943500
"""shivarana12346 @ 70U6fx0Khy"" calls 630",2024-04-26T18:04:08.603Z,171415464860300
"""Hype Viper @ 6p7FG9t3EW"" folds",2024-04-26T18:04:06.615Z,171415464661500
"""akarvat @ oDlSGRCrSp"" raises to 630",2024-04-26T18:04:05.293Z,171415464529300
"""shivarana12346 @ 70U6fx0Khy"" bets 170",2024-04-26T18:04:01.229Z,171415464122900
"Flop:  [10♣, 8♠, K♣]",2024-04-26T18:03:50.520Z,171415463052000
"""akarvat @ oDlSGRCrSp"" checks",2024-04-26T18:03:49.682Z,171415462968200
"""shivarana12346 @ 70U6fx0Khy"" calls 40",2024-04-26T18:03:47.229Z,171415462722900
"""Hype Viper @ 6p7FG9t3EW"" calls 40",2024-04-26T18:03:46.144Z,171415462614400
"""akarvat @ oDlSGRCrSp"" posts a big blind of 40",2024-04-26T18:03:40.490Z,171415462049007
"""shivarana12346 @ 70U6fx0Khy"" posts a small blind of 20",2024-04-26T18:03:40.490Z,171415462049006
"Player stacks: #2 ""shivarana12346 @ 70U6fx0Khy"" (3666) | #3 ""akarvat @ oDlSGRCrSp"" (2539) | #6 ""Hype Viper @ 6p7FG9t3EW"" (795)",2024-04-26T18:03:40.490Z,171415462049002
"-- starting hand #7 (id: 1hmfzewjpfkt)  (No Limit Texas Hold'em) (dead button) --",2024-04-26T18:03:40.490Z,171415462049001
"The player ""TinyTimTim @ CjKHHefMDt"" quits the game with a stack of 0.",2024-04-26T18:03:40.490Z,171415462049000
"-- ending hand #6 --",2024-04-26T18:03:34.439Z,171415461443901
"""akarvat @ oDlSGRCrSp"" collected 1052 from pot with Pair, 10's (combination: 10♣, 10♦, A♠, J♠, 9♠)",2024-04-26T18:03:34.439Z,171415461443900
"River: 9♠, 6♣, 2♥, 10♣ [10♦]",2024-04-26T18:03:30.429Z,171415461042900
"Turn: 9♠, 6♣, 2♥ [10♣]",2024-04-26T18:03:26.386Z,171415460638600
"""TinyTimTim @ CjKHHefMDt"" shows a 8♣, J♥.",2024-04-26T18:03:22.377Z,171415460237701
"""akarvat @ oDlSGRCrSp"" shows a J♠, A♠.",2024-04-26T18:03:22.377Z,171415460237700
"""Hype Viper @ 6p7FG9t3EW"" folds",2024-04-26T18:03:21.554Z,171415460155400
"""akarvat @ oDlSGRCrSp"" calls 246",2024-04-26T18:03:20.357Z,171415460035700
"""shivarana12346 @ 70U6fx0Khy"" folds",2024-04-26T18:03:19.053Z,171415459905300
"""TinyTimTim @ CjKHHefMDt"" bets 246 and go all in",2024-04-26T18:03:17.169Z,171415459716900
"Flop:  [9♠, 6♣, 2♥]",2024-04-26T18:03:07.854Z,171415458785400
"""shivarana12346 @ 70U6fx0Khy"" calls 140",2024-04-26T18:03:07.051Z,171415458705100
"""TinyTimTim @ CjKHHefMDt"" calls 140",2024-04-26T18:03:05.193Z,171415458519300
"""Hype Viper @ 6p7FG9t3EW"" calls 140",2024-04-26T18:03:04.290Z,171415458429000
"""akarvat @ oDlSGRCrSp"" raises to 140",2024-04-26T18:02:59.762Z,171415457976200
"""shivarana12346 @ 70U6fx0Khy"" posts a big blind of 40",2024-04-26T18:02:55.605Z,171415457560510
"""TinyTimTim @ CjKHHefMDt"" posts a small blind of 20",2024-04-26T18:02:55.605Z,171415457560509
"Player stacks: #2 ""shivarana12346 @ 70U6fx0Khy"" (3806) | #3 ""akarvat @ oDlSGRCrSp"" (1873) | #6 ""Hype Viper @ 6p7FG9t3EW"" (935) | #7 ""TinyTimTim @ CjKHHefMDt"" (386)",2024-04-26T18:02:55.605Z,171415457560504
"-- starting hand #6 (id: l087fv1mmxcm)  (No Limit Texas Hold'em) (dealer: ""Hype Viper @ 6p7FG9t3EW"") --",2024-04-26T18:02:55.605Z,171415457560503
"The game's big blind was changed from 20 to 40.",2024-04-26T18:02:55.605Z,171415457560502
"The game's small blind was changed from 10 to 20.",2024-04-26T18:02:55.605Z,171415457560501
"The player ""Eilamski @ XbKhUgivSR"" quits the game with a stack of 0.",2024-04-26T18:02:55.605Z,171415457560500
"-- ending hand #5 --",2024-04-26T18:02:49.574Z,171415456957402
"""shivarana12346 @ 70U6fx0Khy"" collected 1306 from pot with Straight, J High (combination: J♦, 10♦, 9♥, 8♦, 7♠)",2024-04-26T18:02:49.574Z,171415456957401
"""shivarana12346 @ 70U6fx0Khy"" collected 2500 from pot with Straight, J High (combination: J♦, 10♦, 9♥, 8♦, 7♠)",2024-04-26T18:02:49.574Z,171415456957400
"River: 7♠, 8♦, 6♣, 9♥ [2♣]",2024-04-26T18:02:45.560Z,171415456556000
"""TinyTimTim @ CjKHHefMDt"" shows a 5♦, 10♥.",2024-04-26T18:02:41.552Z,171415456155202
"""Eilamski @ XbKhUgivSR"" shows a A♦, K♥.",2024-04-26T18:02:41.552Z,171415456155201
"""shivarana12346 @ 70U6fx0Khy"" shows a 10♦, J♦.",2024-04-26T18:02:41.552Z,171415456155200
"""shivarana12346 @ 70U6fx0Khy"" calls 653 and go all in",2024-04-26T18:02:40.680Z,171415456068000
"""TinyTimTim @ CjKHHefMDt"" bets 653",2024-04-26T18:02:31.849Z,171415455184900
"Turn: 7♠, 8♦, 6♣ [9♥]",2024-04-26T18:02:26.041Z,171415454604100
"""shivarana12346 @ 70U6fx0Khy"" calls 760",2024-04-26T18:02:25.191Z,171415454519100
"""TinyTimTim @ CjKHHefMDt"" calls 760",2024-04-26T18:02:19.528Z,171415453952800
"""Eilamski @ XbKhUgivSR"" raises to 760 and go all in",2024-04-26T18:02:18.614Z,171415453861400
"""shivarana12346 @ 70U6fx0Khy"" raises to 110",2024-04-26T18:02:11.237Z,171415453123700
"""TinyTimTim @ CjKHHefMDt"" bets 20",2024-04-26T18:02:03.846Z,171415452384600
"Flop:  [7♠, 8♦, 6♣]",2024-04-26T18:01:58.940Z,171415451894000
"""shivarana12346 @ 70U6fx0Khy"" calls 70",2024-04-26T18:01:58.124Z,171415451812400
"""TinyTimTim @ CjKHHefMDt"" calls 70",2024-04-26T18:01:56.247Z,171415451624700
"""Hype Viper @ 6p7FG9t3EW"" folds",2024-04-26T18:01:51.685Z,171415451168500
"""Eilamski @ XbKhUgivSR"" raises to 70",2024-04-26T18:01:48.528Z,171415450852800
"""akarvat @ oDlSGRCrSp"" folds",2024-04-26T18:01:46.773Z,171415450677300
"""shivarana12346 @ 70U6fx0Khy"" raises to 45",2024-04-26T18:01:45.847Z,171415450584700
"""TinyTimTim @ CjKHHefMDt"" posts a big blind of 20",2024-04-26T18:01:43.129Z,171415450312908
"""Hype Viper @ 6p7FG9t3EW"" posts a small blind of 10",2024-04-26T18:01:43.129Z,171415450312907
"Player stacks: #2 ""shivarana12346 @ 70U6fx0Khy"" (1483) | #3 ""akarvat @ oDlSGRCrSp"" (1873) | #5 ""Eilamski @ XbKhUgivSR"" (830) | #6 ""Hype Viper @ 6p7FG9t3EW"" (945) | #7 ""TinyTimTim @ CjKHHefMDt"" (1869)",2024-04-26T18:01:43.129Z,171415450312901
"-- starting hand #5 (id: fenbrpjpxe2c)  (No Limit Texas Hold'em) (dealer: ""Eilamski @ XbKhUgivSR"") --",2024-04-26T18:01:43.129Z,171415450312900
"-- ending hand #4 --",2024-04-26T18:01:40.214Z,171415450021402
"""TinyTimTim @ CjKHHefMDt"" collected 686 from pot",2024-04-26T18:01:40.214Z,171415450021401
"Uncalled bet of 514 returned to ""TinyTimTim @ CjKHHefMDt""",2024-04-26T18:01:40.214Z,171415450021400
"""akarvat @ oDlSGRCrSp"" folds",2024-04-26T18:01:39.335Z,171415449933500
"""shivarana12346 @ 70U6fx0Khy"" folds",2024-04-26T18:01:36.933Z,171415449693300
"""TinyTimTim @ CjKHHefMDt"" raises to 651",2024-04-26T18:01:30.082Z,171415449008200
"""Hype Viper @ 6p7FG9t3EW"" folds",2024-04-26T18:01:25.544Z,171415448554400
"""Eilamski @ XbKhUgivSR"" folds",2024-04-26T18:01:24.438Z,171415448443800
"""akarvat @ oDlSGRCrSp"" calls 137",2024-04-26T18:01:23.334Z,171415448333400
"""shivarana12346 @ 70U6fx0Khy"" bets 137",2024-04-26T18:01:22.009Z,171415448200900
"""TinyTimTim @ CjKHHefMDt"" checks",2024-04-26T18:01:14.624Z,171415447462400
"""Hype Viper @ 6p7FG9t3EW"" checks",2024-04-26T18:01:11.531Z,171415447153100
"""Eilamski @ XbKhUgivSR"" checks",2024-04-26T18:01:09.582Z,171415446958200
"Flop:  [4♥, K♠, 10♦]",2024-04-26T18:01:07.343Z,171415446734300
"""TinyTimTim @ CjKHHefMDt"" calls 55",2024-04-26T18:01:06.432Z,171415446643200
"""Hype Viper @ 6p7FG9t3EW"" calls 55",2024-04-26T18:01:01.393Z,171415446139300
"""Eilamski @ XbKhUgivSR"" calls 55",2024-04-26T18:00:59.052Z,171415445905200
"""akarvat @ oDlSGRCrSp"" calls 55",2024-04-26T18:00:58.049Z,171415445804900
"""shivarana12346 @ 70U6fx0Khy"" raises to 55",2024-04-26T18:00:56.602Z,171415445660200
"""TinyTimTim @ CjKHHefMDt"" calls 20",2024-04-26T18:00:53.845Z,171415445384500
"""Hype Viper @ 6p7FG9t3EW"" posts a big blind of 20",2024-04-26T18:00:51.085Z,171415445108508
"""Eilamski @ XbKhUgivSR"" posts a small blind of 10",2024-04-26T18:00:51.085Z,171415445108507
"Player stacks: #2 ""shivarana12346 @ 70U6fx0Khy"" (1675) | #3 ""akarvat @ oDlSGRCrSp"" (2065) | #5 ""Eilamski @ XbKhUgivSR"" (885) | #6 ""Hype Viper @ 6p7FG9t3EW"" (1000) | #7 ""TinyTimTim @ CjKHHefMDt"" (1375)",2024-04-26T18:00:51.085Z,171415445108501
"-- starting hand #4 (id: rcmcuj9pkujn)  (No Limit Texas Hold'em) (dealer: ""akarvat @ oDlSGRCrSp"") --",2024-04-26T18:00:51.085Z,171415445108500
"-- ending hand #3 --",2024-04-26T18:00:45.070Z,171415444507002
"""TinyTimTim @ CjKHHefMDt"" collected 680 from pot with Pair, 8's (combination: 8♥, 8♦, Q♦, J♥, 9♥)",2024-04-26T18:00:45.070Z,171415444507001
"""TinyTimTim @ CjKHHefMDt"" shows a J♥, 8♥.",2024-04-26T18:00:45.070Z,171415444507000
"""shivarana12346 @ 70U6fx0Khy"" calls 20",2024-04-26T18:00:44.177Z,171415444417700
"""TinyTimTim @ CjKHHefMDt"" bets 20",2024-04-26T18:00:34.665Z,171415443466500
"River: 9♥, 8♦, 2♣, 3♣ [Q♦]",2024-04-26T18:00:31.055Z,171415443105500
"""TinyTimTim @ CjKHHefMDt"" calls 120",2024-04-26T18:00:30.167Z,171415443016700
"""shivarana12346 @ 70U6fx0Khy"" raises to 120",2024-04-26T18:00:28.146Z,171415442814600
"""TinyTimTim @ CjKHHefMDt"" bets 20",2024-04-26T18:00:21.786Z,171415442178600
"Turn: 9♥, 8♦, 2♣ [3♣]",2024-04-26T18:00:18.199Z,171415441819900
"""TinyTimTim @ CjKHHefMDt"" calls 90",2024-04-26T18:00:17.380Z,171415441738000
"""Eilamski @ XbKhUgivSR"" folds",2024-04-26T18:00:16.410Z,171415441641000
"""akarvat @ oDlSGRCrSp"" folds",2024-04-26T18:00:15.439Z,171415441543900
"""shivarana12346 @ 70U6fx0Khy"" raises to 90",2024-04-26T18:00:14.401Z,171415441440100
"""TinyTimTim @ CjKHHefMDt"" bets 20",2024-04-26T18:00:08.578Z,171415440857800
"""Eilamski @ XbKhUgivSR"" checks",2024-04-26T18:00:06.038Z,171415440603800
"""akarvat @ oDlSGRCrSp"" checks",2024-04-26T18:00:05.018Z,171415440501800
"Flop:  [9♥, 8♦, 2♣]",2024-04-26T18:00:03.394Z,171415440339400
"""TinyTimTim @ CjKHHefMDt"" calls 55",2024-04-26T18:00:02.523Z,171415440252300
"""Eilamski @ XbKhUgivSR"" calls 55",2024-04-26T18:00:01.527Z,171415440152700
"""akarvat @ oDlSGRCrSp"" calls 55",2024-04-26T18:00:00.300Z,171415440030000
"""shivarana12346 @ 70U6fx0Khy"" raises to 55",2024-04-26T17:59:59.084Z,171415439908400
"""TinyTimTim @ CjKHHefMDt"" calls 20",2024-04-26T17:59:55.546Z,171415439554600
"""Hype Viper @ 6p7FG9t3EW"" folds",2024-04-26T17:59:54.626Z,171415439462600
"""Eilamski @ XbKhUgivSR"" posts a big blind of 20",2024-04-26T17:59:49.940Z,171415438994009
"""akarvat @ oDlSGRCrSp"" posts a small blind of 10",2024-04-26T17:59:49.940Z,171415438994008
"Player stacks: #2 ""shivarana12346 @ 70U6fx0Khy"" (1960) | #3 ""akarvat @ oDlSGRCrSp"" (2120) | #5 ""Eilamski @ XbKhUgivSR"" (940) | #6 ""Hype Viper @ 6p7FG9t3EW"" (1000) | #7 ""TinyTimTim @ CjKHHefMDt"" (980)",2024-04-26T17:59:49.940Z,171415438994002
"-- starting hand #3 (id: lgk21zk244ko)  (No Limit Texas Hold'em) (dealer: ""shivarana12346 @ 70U6fx0Khy"") --",2024-04-26T17:59:49.940Z,171415438994001
"The player ""mofa224 @ T6DjGdOAqA"" quits the game with a stack of 0.",2024-04-26T17:59:49.940Z,171415438994000
"""Hype Viper @ 6p7FG9t3EW"" shows a 9♥, 2♦.",2024-04-26T17:59:45.683Z,171415438568300
"-- ending hand #2 --",2024-04-26T17:59:43.415Z,171415438341501
"""akarvat @ oDlSGRCrSp"" collected 2120 from pot with Full House, 3's over 2's (combination: 3♣, 3♥, 3♦, 2♣, 2♥, 2♠)",2024-04-26T17:59:43.415Z,171415438341500
"River: 2♣, 2♥, 3♥, 2♠ [3♦]",2024-04-26T17:59:39.317Z,171415437931700
"Turn: 2♣, 2♥, 3♥ [2♠]",2024-04-26T17:59:35.309Z,171415437530900
"Flop:  [2♣, 2♥, 3♥]",2024-04-26T17:59:31.301Z,171415437130100
"""mofa224 @ T6DjGdOAqA"" shows a 6♣, 5♣.",2024-04-26T17:59:27.295Z,171415436729501
"""akarvat @ oDlSGRCrSp"" shows a 3♣, A♠.",2024-04-26T17:59:27.295Z,171415436729500
"""shivarana12346 @ 70U6fx0Khy"" folds",2024-04-26T17:59:26.453Z,171415436645300
"""Eilamski @ XbKhUgivSR"" folds",2024-04-26T17:59:25.345Z,171415436534500
"""mofa224 @ T6DjGdOAqA"" calls 1000 and go all in",2024-04-26T17:59:24.371Z,171415436437100
"""akarvat @ oDlSGRCrSp"" raises to 1000 and go all in",2024-04-26T17:59:18.850Z,171415435885000
"""shivarana12346 @ 70U6fx0Khy"" calls 60",2024-04-26T17:59:15.661Z,171415435566100
"""TinyTimTim @ CjKHHefMDt"" folds",2024-04-26T17:59:13.569Z,171415435356900
"""Hype Viper @ 6p7FG9t3EW"" folds",2024-04-26T17:59:12.643Z,171415435264300
"""Eilamski @ XbKhUgivSR"" calls 60",2024-04-26T17:59:11.549Z,171415435154900
"""mofa224 @ T6DjGdOAqA"" raises to 60",2024-04-26T17:59:09.245Z,171415434924500
"""akarvat @ oDlSGRCrSp"" posts a big blind of 20",2024-04-26T17:59:03.142Z,171415434314210
"""shivarana12346 @ 70U6fx0Khy"" posts a small blind of 10",2024-04-26T17:59:03.142Z,171415434314209
"Player stacks: #2 ""shivarana12346 @ 70U6fx0Khy"" (2020) | #3 ""akarvat @ oDlSGRCrSp"" (1000) | #4 ""mofa224 @ T6DjGdOAqA"" (1000) | #5 ""Eilamski @ XbKhUgivSR"" (1000) | #6 ""Hype Viper @ 6p7FG9t3EW"" (1000) | #7 ""TinyTimTim @ CjKHHefMDt"" (980)",2024-04-26T17:59:03.142Z,171415434314202
"-- starting hand #2 (id: bdln55rdxuzh)  (No Limit Texas Hold'em) (dead button) --",2024-04-26T17:59:03.142Z,171415434314201
"The player ""Potato420 @ FyWpeDxzOW"" quits the game with a stack of 0.",2024-04-26T17:59:03.142Z,171415434314200
"-- ending hand #1 --",2024-04-26T17:58:57.128Z,171415433712803
"""Potato420 @ FyWpeDxzOW"" shows a 6♣, 2♥.",2024-04-26T17:58:57.128Z,171415433712802
"""shivarana12346 @ 70U6fx0Khy"" collected 2020 from pot with Straight, 7 High (combination: 7♣, 6♦, 5♣, 4♥, 3♥)",2024-04-26T17:58:57.128Z,171415433712801
"""shivarana12346 @ 70U6fx0Khy"" shows a 4♥, 3♥.",2024-04-26T17:58:57.128Z,171415433712800
"""shivarana12346 @ 70U6fx0Khy"" calls 810 and go all in",2024-04-26T17:58:56.314Z,171415433631400
"""Potato420 @ FyWpeDxzOW"" bets 810 and go all in",2024-04-26T17:58:51.265Z,171415433126500
"River: 6♦, 5♣, A♠, K♥ [7♣]",2024-04-26T17:58:45.913Z,171415432591300
"""Potato420 @ FyWpeDxzOW"" calls 110",2024-04-26T17:58:45.055Z,171415432505500
"""shivarana12346 @ 70U6fx0Khy"" bets 110",2024-04-26T17:58:40.471Z,171415432047100
"""Potato420 @ FyWpeDxzOW"" checks",2024-04-26T17:58:35.848Z,171415431584800
"Turn: 6♦, 5♣, A♠ [K♥]",2024-04-26T17:58:34.437Z,171415431443700
"""TinyTimTim @ CjKHHefMDt"" folds",2024-04-26T17:58:33.624Z,171415431362400
"""shivarana12346 @ 70U6fx0Khy"" calls 60",2024-04-26T17:58:32.660Z,171415431266000
"""Potato420 @ FyWpeDxzOW"" bets 60",2024-04-26T17:58:28.877Z,171415430887700
"Flop:  [6♦, 5♣, A♠]",2024-04-26T17:58:26.025Z,171415430602500
"""shivarana12346 @ 70U6fx0Khy"" checks",2024-04-26T17:58:25.103Z,171415430510300
"""Potato420 @ FyWpeDxzOW"" calls 20",2024-04-26T17:58:22.576Z,171415430257600
"""TinyTimTim @ CjKHHefMDt"" calls 20",2024-04-26T17:58:12.163Z,171415429216300
"""Hype Viper @ 6p7FG9t3EW"" folds",2024-04-26T17:58:06.710Z,171415428671000
"""Eilamski @ XbKhUgivSR"" folds",2024-04-26T17:58:05.607Z,171415428560700
"""mofa224 @ T6DjGdOAqA"" folds",2024-04-26T17:58:04.643Z,171415428464300
"""akarvat @ oDlSGRCrSp"" folds",2024-04-26T17:58:03.762Z,171415428376200
"""shivarana12346 @ 70U6fx0Khy"" posts a big blind of 20",2024-04-26T17:57:48.682Z,171415426868217
"""Potato420 @ FyWpeDxzOW"" posts a small blind of 10",2024-04-26T17:57:48.682Z,171415426868216
"Player stacks: #1 ""Potato420 @ FyWpeDxzOW"" (1000) | #2 ""shivarana12346 @ 70U6fx0Khy"" (1000) | #3 ""akarvat @ oDlSGRCrSp"" (1000) | #4 ""mofa224 @ T6DjGdOAqA"" (1000) | #5 ""Eilamski @ XbKhUgivSR"" (1000) | #6 ""Hype Viper @ 6p7FG9t3EW"" (1000) | #7 ""TinyTimTim @ CjKHHefMDt"" (1000)",2024-04-26T17:57:48.682Z,171415426868208
"The player ""TinyTimTim @ CjKHHefMDt"" joined the game with a stack of 1000.",2024-04-26T17:57:48.682Z,171415426868207
"The player ""Hype Viper @ 6p7FG9t3EW"" joined the game with a stack of 1000.",2024-04-26T17:57:48.682Z,171415426868206
"The player ""Eilamski @ XbKhUgivSR"" joined the game with a stack of 1000.",2024-04-26T17:57:48.682Z,171415426868205
"The player ""mofa224 @ T6DjGdOAqA"" joined the game with a stack of 1000.",2024-04-26T17:57:48.682Z,171415426868204
"The player ""akarvat @ oDlSGRCrSp"" joined the game with a stack of 1000.",2024-04-26T17:57:48.682Z,171415426868203
"The player ""shivarana12346 @ 70U6fx0Khy"" joined the game with a stack of 1000.",2024-04-26T17:57:48.682Z,171415426868202
"The player ""Potato420 @ FyWpeDxzOW"" joined the game with a stack of 1000.",2024-04-26T17:57:48.682Z,171415426868201
"-- starting hand #1 (id: oywee70fq3d8)  (No Limit Texas Hold'em) (dealer: ""TinyTimTim @ CjKHHefMDt"") --",2024-04-26T17:57:48.682Z,171415426868200
